{
    "sources": [
        {
            "type": "paletted_permutations",
            "textures": [
                "trims/models/armor/coast",
                "trims/models/armor/coast_leggings",
                "trims/models/armor/sentry",
                "trims/models/armor/sentry_leggings",
                "trims/models/armor/dune",
                "trims/models/armor/dune_leggings",
                "trims/models/armor/wild",
                "trims/models/armor/wild_leggings",
                "trims/models/armor/ward",
                "trims/models/armor/ward_leggings",
                "trims/models/armor/eye",
                "trims/models/armor/eye_leggings",
                "trims/models/armor/vex",
                "trims/models/armor/vex_leggings",
                "trims/models/armor/tide",
                "trims/models/armor/tide_leggings",
                "trims/models/armor/snout",
                "trims/models/armor/snout_leggings",
                "trims/models/armor/rib",
                "trims/models/armor/rib_leggings",
                "trims/models/armor/spire",
                "trims/models/armor/spire_leggings",
                "trims/models/armor/wayfinder",
                "trims/models/armor/wayfinder_leggings",
                "trims/models/armor/shaper",
                "trims/models/armor/shaper_leggings",
                "trims/models/armor/silence",
                "trims/models/armor/silence_leggings",
                "trims/models/armor/raiser",
                "trims/models/armor/raiser_leggings",
                "trims/models/armor/host",
                "trims/models/armor/host_leggings"
            ],
            "palette_key": "trims/color_palettes/trim_palette",
            "permutations": {
		"red": "colorful_trims:trims/color_palettes/red",
		"orange": "colorful_trims:trims/color_palettes/orange",
		"yellow": "colorful_trims:trims/color_palettes/yellow",
		"lime": "colorful_trims:trims/color_palettes/lime",
		"green": "colorful_trims:trims/color_palettes/green",
		"light_blue": "colorful_trims:trims/color_palettes/light_blue",
		"cyan": "colorful_trims:trims/color_palettes/cyan",
		"blue": "colorful_trims:trims/color_palettes/blue",
		"purple": "colorful_trims:trims/color_palettes/purple",
		"magenta": "colorful_trims:trims/color_palettes/magenta",
		"pink": "colorful_trims:trims/color_palettes/pink",
		"white": "colorful_trims:trims/color_palettes/white",
		"light_gray": "colorful_trims:trims/color_palettes/light_gray",
		"gray": "colorful_trims:trims/color_palettes/gray",
		"black": "colorful_trims:trims/color_palettes/black",
		"brown": "colorful_trims:trims/color_palettes/brown",
                "quartz": "trims/color_palettes/quartz",
                "iron": "trims/color_palettes/iron",
                "gold": "trims/color_palettes/gold",
                "diamond": "trims/color_palettes/diamond",
                "netherite": "trims/color_palettes/netherite",
                "redstone": "trims/color_palettes/redstone",
                "copper": "trims/color_palettes/copper",
                "emerald": "trims/color_palettes/emerald",
                "lapis": "trims/color_palettes/lapis",
                "amethyst": "trims/color_palettes/amethyst",
                "iron_darker": "trims/color_palettes/iron_darker",
                "gold_darker": "trims/color_palettes/gold_darker",
                "diamond_darker": "trims/color_palettes/diamond_darker",
                "netherite_darker": "trims/color_palettes/netherite_darker"
            }
        }
    ]
}
