{
  "parent": "minecraft:item/generated",
  "overrides": [
	{
  	"model": "minecraft:item/chainmail_boots_quartz_trim",
  	"predicate": {
    	"trim_type": 0.1
  	}
	},
	{
  	"model": "colorful_trims:item/chainmail_boots_red_trim",
  	"predicate": {
    	"trim_type": 0.11
  	}
	},
	{
  	"model": "colorful_trims:item/chainmail_boots_orange_trim",
  	"predicate": {
    	"trim_type": 0.12
  	}
	},
	{
  	"model": "colorful_trims:item/chainmail_boots_yellow_trim",
  	"predicate": {
    	"trim_type": 0.13
  	}
	},
	{
  	"model": "colorful_trims:item/chainmail_boots_lime_trim",
  	"predicate": {
    	"trim_type": 0.14
  	}
	},
	{
  	"model": "colorful_trims:item/chainmail_boots_green_trim",
  	"predicate": {
    	"trim_type": 0.15
  	}
	},
	{
  	"model": "colorful_trims:item/chainmail_boots_light_blue_trim",
  	"predicate": {
    	"trim_type": 0.16
  	}
	},
	{
  	"model": "colorful_trims:item/chainmail_boots_cyan_trim",
  	"predicate": {
    	"trim_type": 0.17
  	}
	},
	{
  	"model": "colorful_trims:item/chainmail_boots_blue_trim",
  	"predicate": {
    	"trim_type": 0.18
  	}
	},
	{
  	"model": "colorful_trims:item/chainmail_boots_purple_trim",
  	"predicate": {
    	"trim_type": 0.19
  	}
	},
	{
  	"model": "minecraft:item/chainmail_boots_iron_trim",
  	"predicate": {
    	"trim_type": 0.2
  	}
	},
	{
  	"model": "colorful_trims:item/chainmail_boots_magenta_trim",
  	"predicate": {
    	"trim_type": 0.21
  	}
	},
	{
  	"model": "colorful_trims:item/chainmail_boots_pink_trim",
  	"predicate": {
    	"trim_type": 0.22
  	}
	},
	{
  	"model": "colorful_trims:item/chainmail_boots_white_trim",
  	"predicate": {
    	"trim_type": 0.23
  	}
	},
	{
  	"model": "colorful_trims:item/chainmail_boots_light_gray_trim",
  	"predicate": {
    	"trim_type": 0.24
  	}
	},
	{
  	"model": "colorful_trims:item/chainmail_boots_gray_trim",
  	"predicate": {
    	"trim_type": 0.25
  	}
	},
	{
  	"model": "colorful_trims:item/chainmail_boots_black_trim",
  	"predicate": {
    	"trim_type": 0.26
  	}
	},
	{
  	"model": "colorful_trims:item/chainmail_boots_brown_trim",
  	"predicate": {
    	"trim_type": 0.27
  	}
	},
	{
  	"model": "minecraft:item/chainmail_boots_netherite_darker_trim",
  	"predicate": {
    	"trim_type": 0.3
  	}
	},
	{
  	"model": "minecraft:item/chainmail_boots_redstone_trim",
  	"predicate": {
    	"trim_type": 0.4
  	}
	},
	{
  	"model": "minecraft:item/chainmail_boots_copper_trim",
  	"predicate": {
    	"trim_type": 0.5
  	}
	},
	{
  	"model": "minecraft:item/chainmail_boots_gold_trim",
  	"predicate": {
    	"trim_type": 0.6
  	}
	},
	{
  	"model": "minecraft:item/chainmail_boots_emerald_trim",
  	"predicate": {
    	"trim_type": 0.7
  	}
	},
	{
  	"model": "minecraft:item/chainmail_boots_diamond_trim",
  	"predicate": {
    	"trim_type": 0.8
  	}
	},
	{
  	"model": "minecraft:item/chainmail_boots_lapis_trim",
  	"predicate": {
    	"trim_type": 0.9
  	}
	},
	{
  	"model": "minecraft:item/chainmail_boots_amethyst_trim",
  	"predicate": {
    	"trim_type": 1.0
  	}
	}
  ],
  "textures": {
	"layer0": "minecraft:item/chainmail_boots"
  }
}
